{"cameraMode":{"drawMode":0,"name":"Shaded","section":"Shading Mode"},"sceneLighting":false,"audioPlay":false,"sceneViewState":{"m_AlwaysRefresh":false,"showFog":true,"showSkybox":false,"showFlares":true,"showImageEffects":true,"showParticleSystems":true,"showVisualEffectGraphs":true,"m_FxEnabled":true},"in2DMode":false,"pivot":{"x":0.00616765022277832,"y":0.501285970211029,"z":0.000003933906555175781},"rotation":{"x":-0.04007440805435181,"y":0.9588446021080017,"z":-0.22127863764762879,"w":-0.1735520213842392},"size":1.9812122583389283,"orthographic":false}