{"cameraMode":{"drawMode":0,"name":"Shaded","section":"Shading Mode"},"sceneLighting":false,"audioPlay":false,"sceneViewState":{"m_AlwaysRefresh":false,"showFog":true,"showSkybox":false,"showFlares":true,"showImageEffects":true,"showParticleSystems":true,"showVisualEffectGraphs":true,"m_FxEnabled":true},"in2DMode":false,"pivot":{"x":-3.797224998474121,"y":1.475911021232605,"z":5.304300308227539},"rotation":{"x":0.010893506929278374,"y":0.9524782299995422,"z":-0.03430382162332535,"w":0.30248212814331057},"size":0.8660253882408142,"orthographic":true}